"company","streetadd","place","state","zip","address","lon","lat"
"Walmart","702 S.W. Eighth St.","Bentonville","Arkansas",72716,"702 S.W. Eighth St., Bentonville, Arkansas",-94.2176381,36.3652654
"Exxon Mobil","5959 Las Colinas Blvd.","Irving","Texas",75039,"5959 Las Colinas Blvd., Irving, Texas",-96.9499086,32.8900057
"Chevron","6001 Bollinger Canyon Rd.","San Ramon","California",94583,"6001 Bollinger Canyon Rd., San Ramon, California",-121.9580965,37.7582505
"Berkshire Hathaway","3555 Farnam St.","Omaha","Nebraska",68131,"3555 Farnam St., Omaha, Nebraska",-95.965497,41.2571596
"Apple","1 Infinite Loop","Cupertino","California",95014,"1 Infinite Loop, Cupertino, California",-122.0302537,37.3318641
"General Motors","300 Renaissance Center","Detroit","Michigan",48265,"300 Renaissance Center, Detroit, Michigan",-83.0392633,42.3288255
"Phillips 66","3010 Briarpark Dr.","Houston","Texas",77042,"3010 Briarpark Dr., Houston, Texas",-95.5503257,29.7322463
"General Electric","3135 Easton Turnpike","Fairfield","Connecticut",6828,"3135 Easton Turnpike, Fairfield, Connecticut",-73.253315,41.2155842
"Ford Motor","1 American Rd.","Dearborn","Michigan",48126,"1 American Rd., Dearborn, Michigan",-83.2087599,42.3162434
"CVS Health","1 CVS Dr.","Woonsocket","Rhode Island",2895,"1 CVS Dr., Woonsocket, Rhode Island",-71.4768726,41.9910183
"McKesson","1 Post St.","San Francisco","California",94104,"1 Post St., San Francisco, California",-122.4027468,37.7887655
"AT&T","208 S. Akard St.","Dallas","Texas",75202,"208 S. Akard St., Dallas, Texas",-96.7988939,32.7795597
"Valero Energy","1 Valero Way","San Antonio","Texas",78249,"1 Valero Way, San Antonio, Texas",-98.6057607,29.5869858
"UnitedHealth Group","9900 Bren Rd. E.","Minnetonka","Minnesota",55343,"9900 Bren Rd. E., Minnetonka, Minnesota",-93.4031453,44.8973515
"Verizon","140 West St.","New York","New York",10007,"140 West St., New York, New York",-74.0132371,40.7139071
"AmerisourceBergen","1300 Morris Dr.","Chesterbrook","Pennsylvania",19087,"1300 Morris Dr., Chesterbrook, Pennsylvania",-75.4683046,40.0686079
"Fannie Mae","3900 Wisconsin Ave. N.W.","Washington","District of Columbia",20016,"3900 Wisconsin Ave. N.W., Washington, District of Columbia",-77.0765028,38.9404337
"Costco","999 Lake Dr.","Issaquah","Washington",98027,"999 Lake Dr., Issaquah, Washington",-122.0506521,47.5485708
"HP","3000 Hanover St.","Palo Alto","California",94304,"3000 Hanover St., Palo Alto, California",-122.145929,37.4146379
"Kroger","1014 Vine St.","Cincinnati","Ohio",45202,"1014 Vine St., Cincinnati, Ohio",-84.5138214,39.1067459
"JP Morgan Chase","270 Park Ave.","New York","New York",10017,"270 Park Ave., New York, New York",-73.9755845,40.7558818
"Express Scripts Holding","1 Express Way","St. Louis","Missouri",63121,"1 Express Way, St. Louis, Missouri",-90.3108872,38.7192232
"Bank of America Corp.","100 N. Tryon St.","Charlotte","North Carolina",28255,"100 N. Tryon St., Charlotte, North Carolina",-80.842323,35.2274955
"IBM","1 New Orchard Rd.","Armonk","New York",10504,"1 New Orchard Rd., Armonk, New York",-73.7239268,41.1086032
"Marathon Petroleum","539 S. Main St.","Findlay","Ohio",45840,"539 S. Main St., Findlay, Ohio",-83.6494426,41.0360917
"Cardinal Health","7000 Cardinal Place","Dublin","Ohio",43017,"7000 Cardinal Place, Dublin, Ohio",-83.1210856,40.1090076
"Boeing","100 N. Riverside Plaza","Chicago","Illinois",60606,"100 N. Riverside Plaza, Chicago, Illinois",-87.6388427,41.8841353
"Citigroup","399 Park Ave.","New York","New York",10022,"399 Park Ave., New York, New York",-73.9719939,40.7592169
"Amazon.com","410 Terry Ave. N.","Seattle","Washington",98109,"410 Terry Ave. N., Seattle, Washington",-122.3365534,47.6221942
"Wells Fargo","420 Montgomery St.","San Francisco","California",94163,"420 Montgomery St., San Francisco, California",-122.4026176,37.7933827
"Microsoft","1 Microsoft Way","Redmond","Washington",98052,"1 Microsoft Way, Redmond, Washington",-122.1282593,47.6393782
"Procter & Gamble","1 Procter & Gamble Plaza","Cincinnati","Ohio",45202,"1 Procter & Gamble Plaza, Cincinnati, Ohio",-84.5052772,39.1032195
"Home Depot","2455 Paces Ferry Rd. N.W.","Atlanta","Georgia",30339,"2455 Paces Ferry Rd. N.W., Atlanta, Georgia",-84.432564,33.8488985
"Archer Daniels Midland","4666 Faries Pkwy.","Decatur","Illinois",62526,"4666 Faries Pkwy., Decatur, Illinois",-88.8877793,39.8657795
"Walgreens","108 Wilmot Rd.","Deerfield","Illinois",60015,"108 Wilmot Rd., Deerfield, Illinois",-87.8688618,42.1555253
"Target","1000 Nicollet Mall","Minneapolis","Minnesota",55403,"1000 Nicollet Mall, Minneapolis, Minnesota",-93.2749496,44.9739309
"Johnson & Johnson","1 Johnson & Johnson Plaza","New Brunswick","New Jersey",8933,"1 Johnson & Johnson Plaza, New Brunswick, New Jersey",-108.688432,45.784441
"Anthem","120 Monument Circle","Indianapolis","Indiana",46204,"120 Monument Circle, Indianapolis, Indiana",-86.1587224,39.7692172
"MetLife","200 Park Ave.","New York","New York",10166,"200 Park Ave., New York, New York",-73.9766668,40.7533488
"Google","1600 Amphitheatre Pkwy.","Mountain View","California",94043,"1600 Amphitheatre Pkwy., Mountain View, California",-122.0841409,37.4222934
"State Farm Insurance Cos.","1 State Farm Plaza","Bloomington","Illinois",61710,"1 State Farm Plaza, Bloomington, Illinois",-88.9548523,40.4771561
"Freddie Mac","8200 Jones Branch Dr.","McLean","Virginia",22102,"8200 Jones Branch Dr., McLean, Virginia",-77.22707,38.9329017
"Comcast","1 Comcast Center","Philadelphia","Pennsylvania",19103,"1 Comcast Center, Philadelphia, Pennsylvania",-75.1684962,39.954703
"PepsiCo","700 Anderson Hill Rd.","Purchase","New York",10577,"700 Anderson Hill Rd., Purchase, New York",-73.6928681,41.0344724
"United Technologies","1 Financial Plaza","Hartford","Connecticut",6101,"1 Financial Plaza, Hartford, Connecticut",-72.6739275,41.7654984
"AIG","175 Water St.","New York","New York",10038,"175 Water St., New York, New York",-74.0051548,40.7063657
"UPS","55 Glenlake Pkwy. N.E.","Atlanta","Georgia",30328,"55 Glenlake Pkwy. N.E., Atlanta, Georgia",-84.3599277,33.9436893
"Dow Chemical","2030 Dow Center","Midland","Michigan",48674,"2030 Dow Center, Midland, Michigan",-84.2002258,43.6143646
"Aetna","151 Farmington Ave.","Hartford","Connecticut",6156,"151 Farmington Ave., Hartford, Connecticut",-72.6912425,41.7671423
"Lowe's","1000 Lowe's Blvd.","Mooresville","North Carolina",28117,"1000 Lowe's Blvd., Mooresville, North Carolina",-80.866276,35.5928972
"ConocoPhillips","600 N. Dairy Ashford St.","Houston","Texas",77079,"600 N. Dairy Ashford St., Houston, Texas",-95.6134428,29.7891986
"Intel","2200 Mission College Blvd.","Santa Clara","California",95054,"2200 Mission College Blvd., Santa Clara, California",-121.9636636,37.3862051
"Energy Transfer Equity","3738 Oak Lawn Ave.","Dallas","Texas",75219,"3738 Oak Lawn Ave., Dallas, Texas",-96.8029104,32.8137385
"Caterpillar","100 N.E. Adams St.","Peoria","Illinois",61629,"100 N.E. Adams St., Peoria, Illinois",-89.5884109,40.691726
"Prudential Financial","751 Broad St.","Newark","New Jersey",7102,"751 Broad St., Newark, New Jersey",-74.1720252,40.7369358
"Pfizer","235 E. 42nd St.","New York","New York",10017,"235 E. 42nd St., New York, New York",-73.9724018,40.7503185
"Disney","500 S. Buena Vista St.","Burbank","California",91521,"500 S. Buena Vista St., Burbank, California",-118.3250894,34.1568097
"Humana","500 W. Main St.","Louisville","Kentucky",40202,"500 W. Main St., Louisville, Kentucky",-85.7585738,38.2563673
"Enterprise Products Partners","1100 Louisiana St.","Houston","Texas",77002,"1100 Louisiana St., Houston, Texas",-95.3688473,29.7575783
"Cisco Systems","170 W. Tasman Dr.","San Jose","California",95134,"170 W. Tasman Dr., San Jose, California",-121.9541545,37.4083615
"Sysco","1390 Enclave Pkwy.","Houston","Texas",77077,"1390 Enclave Pkwy., Houston, Texas",-95.6201065,29.7589177
"Ingram Micro","1600 E. St. Andrew Place","Santa Ana","California",92705,"1600 E. St. Andrew Place, Santa Ana, California",-117.8482847,33.7223957
"Coca-Cola","1 Coca-Cola Plaza","Atlanta","Georgia",30313,"1 Coca-Cola Plaza, Atlanta, Georgia",-84.3813995,33.7539533
"Lockheed Martin","6801 Rockledge Dr.","Bethesda","Maryland",20817,"6801 Rockledge Dr., Bethesda, Maryland",-77.1388991,39.030957
"FedEx","942 S. Shady Grove Rd.","Memphis","Tennessee",38120,"942 S. Shady Grove Rd., Memphis, Tennessee",-89.8580808,35.1054929
"Johnson Controls","5757 N. Green Bay Ave.","Milwaukee","Wisconsin",53209,"5757 N. Green Bay Ave., Milwaukee, Wisconsin",-87.9377695,43.1253092
"Plains GP Holdings","333 Clay St.","Houston","Texas",77002,"333 Clay St., Houston, Texas",-95.3719137,29.7573187
"World Fuel Services","9800 N.W. 41st St.","Miami","Florida",33178,"9800 N.W. 41st St., Miami, Florida",-80.3554135,25.8105865
"CHS","5500 Cenex Dr.","Inver Grove Height","Minnesota",55077,"5500 Cenex Dr., Inver Grove Height, Minnesota",-93.0625501,44.8694296
"American Airlines Group","4333 Amon Carter Blvd.","Fort Worth","Texas",76155,"4333 Amon Carter Blvd., Fort Worth, Texas",-97.0507155,32.8280732
"Merck","1 Merck Dr.","Whitehouse Station","New Jersey",8889,"1 Merck Dr., Whitehouse Station, New Jersey",-74.7790217,40.6425861
"Best Buy","7601 Penn Ave. S.","Richfield","Minnesota",55423,"7601 Penn Ave. S., Richfield, Minnesota",-93.305217,44.8645052
"Delta Air Lines","1030 Delta Blvd.","Atlanta","Georgia",30354,"1030 Delta Blvd., Atlanta, Georgia",-84.4242419,33.6562452
"Honeywell International","101 Columbia Rd.","Morris Township","New Jersey",7962,"101 Columbia Rd., Morris Township, New Jersey",-74.44328,40.7913
"HCA Holdings","1 Park Plaza","Nashville","Tennessee",37203,"1 Park Plaza, Nashville, Tennessee",-86.8138175,36.1536774
"Goldman Sachs Group","200 West St.","New York","New York",10282,"200 West St., New York, New York",-74.01426,40.714901
"Tesoro","19100 Ridgewood Pkwy.","San Antonio","Texas",78259,"19100 Ridgewood Pkwy., San Antonio, Texas",-98.4589557,29.6159513
"Liberty Mutual Insurance Group","175 Berkeley St.","Boston","Massachusetts",2116,"175 Berkeley St., Boston, Massachusetts",-71.0718762,42.3500481
"United Continental Holdings","233 S. Wacker Dr.","Chicago","Illinois",60606,"233 S. Wacker Dr., Chicago, Illinois",-87.6365158,41.8788808
"New York Life Insurance","51 Madison Ave.","New York","New York",10010,"51 Madison Ave., New York, New York",-73.9860976,40.7429387
"Oracle","500 Oracle Pkwy.","Redwood City","California",94065,"500 Oracle Pkwy., Redwood City, California",-122.26242,37.5307052
"Morgan Stanley","1585 Broadway","New York","New York",10036,"1585 Broadway, New York, New York",-73.9855324,40.7600547
"Tyson Foods","2200 Don Tyson Pkwy.","Springdale","Arkansas",72762,"2200 Don Tyson Pkwy., Springdale, Arkansas",-94.1545321,36.1556481
"Safeway","5918 Stoneridge Mall Rd.","Pleasanton","California",94588,"5918 Stoneridge Mall Rd., Pleasanton, California",-121.9329515,37.6973578
"Nationwide","1 Nationwide Blvd.","Columbus","Ohio",43215,"1 Nationwide Blvd., Columbus, Ohio",-83.003068,39.9680291
"Deere","1 John Deere Place","Moline","Illinois",61265,"1 John Deere Place, Moline, Illinois",-90.425591,41.473763
"DuPont","1007 Market St.","Wilmington","Delaware",19898,"1007 Market St., Wilmington, Delaware",-75.5475866,39.7460606
"American Express","200 Vesey St.","New York","New York",10285,"200 Vesey St., New York, New York",-74.0146871,40.7138829
"Allstate","2775 Sanders Rd.","Northbrook","Illinois",60062,"2775 Sanders Rd., Northbrook, Illinois",-87.8704727,42.1009833
"Cigna","900 Cottage Grove Rd.","Bloomfield","Connecticut",6002,"900 Cottage Grove Rd., Bloomfield, Connecticut",-72.7469102,41.8128862
"Mondelez International","3 Pkwy. N.","Deerfield","Illinois",60015,"3 Pkwy. N., Deerfield, Illinois",-87.8799002,42.1625554
"TIAA-CREF","730 Third Ave.","New York","New York",10017,"730 Third Ave., New York, New York",-73.9731835,40.7531278
"INTL FCStone","708 Third Ave.","New York","New York",10017,"708 Third Ave., New York, New York",-73.973565,40.7524167
"Massachusetts Mutual Life Insur","1295 State St.","Springfield","Massachusetts",1111,"1295 State St., Springfield, Massachusetts",-72.5469696,42.1170606
"DirecTV","2260 E. Imperial Hwy.","El Segundo","California",90245,"2260 E. Imperial Hwy., El Segundo, California",-118.3837026,33.9300826
"Halliburton","3000 N. Sam Houston Pkwy E.","Houston","Texas",77032,"3000 N. Sam Houston Pkwy E., Houston, Texas",-95.3403178,29.936954
"Twenty-First Century Fox","1211 Ave. of the Americas","New York","New York",10036,"1211 Ave. of the Americas, New York, New York",-73.9820295,40.7584439
"3M","3M Center","St. Paul","Minnesota",55144,"3M Center, St. Paul, Minnesota",-93.0040589,44.9594532
"Sears Holdings","3333 Beverly Rd.","Hoffman Estates","Illinois",60179,"3333 Beverly Rd., Hoffman Estates, Illinois",-88.2235257,42.0739758
"General Dynamics","2941 Fairview Park Dr.","Falls Church","Virginia",22042,"2941 Fairview Park Dr., Falls Church, Virginia",-77.2148275,38.8689164
"Publix Super Markets","3300 Publix Corporate Pkwy.","Lakeland","Florida",33811,"3300 Publix Corporate Pkwy., Lakeland, Florida",-82.0148064,28.0053629
"Philip Morris International","120 Park Ave.","New York","New York",10017,"120 Park Ave., New York, New York",-73.978317,40.7519491
"TJX","770 Cochituate Rd.","Framingham","Massachusetts",1701,"770 Cochituate Rd., Framingham, Massachusetts",-71.3823478,42.3107584
"Time Warner","1 Time Warner Center","New York","New York",10019,"1 Time Warner Center, New York, New York",-73.9831349,40.7685068
"Macy's","7 W. Seventh St.","Cincinnati","Ohio",45202,"7 W. Seventh St., Cincinnati, Ohio",-84.5141082,39.1033122
"Nike","1 Bowerman Dr.","Beaverton","Oregon",97005,"1 Bowerman Dr., Beaverton, Oregon",-122.8254766,45.5070222
"Tech Data","5350 Tech Data Dr.","Clearwater","Florida",33760,"5350 Tech Data Dr., Clearwater, Florida",-82.707835,27.917127
"Avnet","2211 S. 47th St.","Phoenix","Arizona",85034,"2211 S. 47th St., Phoenix, Arizona",-111.9800088,33.4274752
"Northwestern Mutual","720 E. Wisconsin Ave.","Milwaukee","Wisconsin",53202,"720 E. Wisconsin Ave., Milwaukee, Wisconsin",-87.9019875,43.0394029
"McDonald's","1 McDonald's Plaza","Oak Brook","Illinois",60523,"1 McDonald's Plaza, Oak Brook, Illinois",-87.9447627,41.8352211
"Exelon","10 S. Dearborn St.","Chicago","Illinois",60603,"10 S. Dearborn St., Chicago, Illinois",-87.6297822,41.8811197
"Travelers Cos.","485 Lexington Ave.","New York","New York",10017,"485 Lexington Ave., New York, New York",-73.9735521,40.7542087
"Qualcomm","5775 Morehouse Dr.","San Diego","California",92121,"5775 Morehouse Dr., San Diego, California",-117.1959779,32.8954289
"International Paper","6400 Poplar Ave.","Memphis","Tennessee",38197,"6400 Poplar Ave., Memphis, Tennessee",-89.849916,35.1013398
"Occidental Petroleum","10889 Wilshire Blvd.","Los Angeles","California",90024,"10889 Wilshire Blvd., Los Angeles, California",-118.4431252,34.0592649
"Duke Energy","550 S. Tryon St.","Charlotte","North Carolina",28202,"550 S. Tryon St., Charlotte, North Carolina",-80.8487311,35.2238362
"Rite Aid","30 Hunter Lane","Camp Hill","Pennsylvania",17011,"30 Hunter Lane, Camp Hill, Pennsylvania",-76.9135271,40.2568422
"Gilead Sciences","333 Lakeside Dr.","Foster City","California",94404,"333 Lakeside Dr., Foster City, California",-122.281649,37.5670009
"Baker Hughes","2929 Allen Pkwy.","Houston","Texas",77019,"2929 Allen Pkwy., Houston, Texas",-95.3974727,29.7607456
"Emerson Electric","8000 W. Florissant Ave.","St. Louis","Missouri",63136,"8000 W. Florissant Ave., St. Louis, Missouri",-90.2785119,38.7319882
"EMC","176 South St.","Hopkinton","Massachusetts",1748,"176 South St., Hopkinton, Massachusetts",-71.5438686,42.1941163
"USAA","9800 Fredericksburg Rd.","San Antonio","Texas",78288,"9800 Fredericksburg Rd., San Antonio, Texas",-98.5751922,29.5346649
"Union Pacific","1400 Douglas St.","Omaha","Nebraska",68179,"1400 Douglas St., Omaha, Nebraska",-95.93518,41.259172
"Northrop Grumman","2980 Fairview Park Dr.","Falls Church","Virginia",22042,"2980 Fairview Park Dr., Falls Church, Virginia",-77.2159054,38.8677505
"Alcoa","390 Park Ave.","New York","New York",10022,"390 Park Ave., New York, New York",-73.9729522,40.7597331
"Capital One Financial","1680 Capital One Dr.","McLean","Virginia",22102,"1680 Capital One Dr., McLean, Virginia",-77.21348,38.9242574
"National Oilwell Varco","7909 Parkwood Circle Dr.","Houston","Texas",77036,"7909 Parkwood Circle Dr., Houston, Texas",-95.5545889,29.6916115
"US Foods","9399 W. Higgins Rd.","Rosemont","Illinois",60018,"9399 W. Higgins Rd., Rosemont, Illinois",-87.8577719,41.988686
"Raytheon","870 Winter St.","Waltham","Massachusetts",2451,"870 Winter St., Waltham, Massachusetts",-71.282688,42.4057975
"Time Warner Cable","60 Columbus Circle","New York","New York",10023,"60 Columbus Circle, New York, New York",-73.982729,40.7688638
"Arrow Electronics","7459 S. Lima St.","Englewood","Colorado",80112,"7459 S. Lima St., Englewood, Colorado",-104.8579578,39.5816548
"Aflac","1932 Wynnton Rd.","Columbus","Georgia",31999,"1932 Wynnton Rd., Columbus, Georgia",-84.9637973,32.4672389
"Staples","500 Staples Dr.","Framingham","Massachusetts",1702,"500 Staples Dr., Framingham, Massachusetts",-71.4889834,42.2913876
"Abbott Laboratories","100 Abbott Park Rd.","Abbott Park","Illinois",60064,"100 Abbott Park Rd., Abbott Park, Illinois",-87.8964085,42.3053089
"Community Health Systems","4000 Meridian Blvd.","Franklin","Tennessee",37067,"4000 Meridian Blvd., Franklin, Tennessee",-86.8106578,35.9516847
"Fluor","6700 Las Colinas Blvd.","Irving","Texas",75039,"6700 Las Colinas Blvd., Irving, Texas",-96.9506056,32.9008085
"Freeport-McMoRan","333 N. Central Ave.","Phoenix","Arizona",85004,"333 N. Central Ave., Phoenix, Arizona",-112.073067,33.4517282
"U.S. Bancorp","800 Nicollet Mall","Minneapolis","Minnesota",55402,"800 Nicollet Mall, Minneapolis, Minnesota",-93.2738797,44.9755792
"Nucor","1915 Rexford Rd.","Charlotte","North Carolina",28211,"1915 Rexford Rd., Charlotte, North Carolina",-80.8348811,35.1587199
"Kimberly-Clark","351 Phelps Dr.","Irving","Texas",75038,"351 Phelps Dr., Irving, Texas",-96.9499046,32.8693839
"Hess","1185 Ave. of the Americas","New York","New York",10036,"1185 Ave. of the Americas, New York, New York",-73.9823192,40.7579754
"Chesapeake Energy","6100 N. Western Ave.","Oklahoma City","Oklahoma",73118,"6100 N. Western Ave., Oklahoma City, Oklahoma",-97.5281089,35.5351192
"Xerox","45 Glover Ave.","Norwalk","Connecticut",6850,"45 Glover Ave., Norwalk, Connecticut",-73.4298973,41.1445918
"ManpowerGroup","100 Manpower Place","Milwaukee","Wisconsin",53212,"100 Manpower Place, Milwaukee, Wisconsin",-87.9131006,43.0492373
"Amgen","1 Amgen Center Dr.","Thousand Oaks","California",91320,"1 Amgen Center Dr., Thousand Oaks, California",-118.9195521,34.1921026
"AbbVie","1 N. Waukegan Rd.","North Chicago","Illinois",60064,"1 N. Waukegan Rd., North Chicago, Illinois",-87.8915726,42.3021242
"Danaher","2200 Pennsylvania Ave. N.W.","Washington","District of Columbia",20037,"2200 Pennsylvania Ave. N.W., Washington, District of Columbia",-77.0493245,38.9017929
"Whirlpool","2000 North M-63","Benton Harbor","Michigan",49022,"2000 North M-63, Benton Harbor, Michigan",-86.4419435,42.1507583
"PBF Energy","1 Sylvan Way","Parsippany","New Jersey",7054,"1 Sylvan Way, Parsippany, New Jersey",-74.4555401,40.8478161
"HollyFrontier","2828 N. Harwood","Dallas","Texas",75201,"2828 N. Harwood, Dallas, Texas",-96.8080977,32.7944197
"Eli Lilly","Lilly Corporate Center","Indianapolis","Indiana",46285,"Lilly Corporate Center, Indianapolis, Indiana",-86.1530808,39.7559112
"Devon Energy","333 W. Sheridan Ave.","Oklahoma City","Oklahoma",73102,"333 W. Sheridan Ave., Oklahoma City, Oklahoma",-97.5177018,35.4669418
"Progressive","6300 Wilson Mills Rd.","Mayfield Village","Ohio",44143,"6300 Wilson Mills Rd., Mayfield Village, Ohio",-81.4519314,41.5353611
"Cummins","500 Jackson St.","Columbus","Indiana",47201,"500 Jackson St., Columbus, Indiana",-85.922938,39.203761
"Icahn Enterprises","767 Fifth Ave.","New York","New York",10153,"767 Fifth Ave., New York, New York",-73.9726971,40.7636433
"AutoNation","200 S.W. First Ave.","Fort Lauderdale","Florida",33301,"200 S.W. First Ave., Fort Lauderdale, Florida",-80.1441231,26.1200646
"Kohl's","N56 W17000 Ridgewood Dr.","Menomonee Falls","Wisconsin",53051,"N56 W17000 Ridgewood Dr., Menomonee Falls, Wisconsin",-88.12319,43.121978
"Paccar","777 106th Ave. N.E.","Bellevue","Washington",98004,"777 106th Ave. N.E., Bellevue, Washington",-122.1997588,47.6166617
"Dollar General","100 Mission Ridge","Goodlettsville","Tennessee",37072,"100 Mission Ridge, Goodlettsville, Tennessee",-86.699098,36.3089962
"Hartford Financial Services Gro","1 Hartford Plaza","Hartford","Connecticut",6155,"1 Hartford Plaza, Hartford, Connecticut",-72.6869808,41.769703
"Southwest Airlines","2702 Love Field Dr.","Dallas","Texas",75235,"2702 Love Field Dr., Dallas, Texas",-96.8621133,32.845407
"Anadarko Petroleum","1201 Lake Robbins Dr.","The Woodlands","Texas",77380,"1201 Lake Robbins Dr., The Woodlands, Texas",-95.4546876,30.1627491
"Southern","30 Ivan Allen Jr. Blvd. N.W.","Atlanta","Georgia",30308,"30 Ivan Allen Jr. Blvd. N.W., Atlanta, Georgia",-84.3882896,33.764322
"Supervalu","7075 Flying Cloud Dr.","Eden Prairie","Minnesota",55344,"7075 Flying Cloud Dr., Eden Prairie, Minnesota",-93.4104087,44.8748483
"Kraft Foods Group","3 Lakes Dr.","Northfield","Illinois",60093,"3 Lakes Dr., Northfield, Illinois",-87.8003315,42.1087045
"Goodyear Tire & Rubber","200 Innovation Way","Akron","Ohio",44316,"200 Innovation Way, Akron, Ohio",-81.4769863,41.0592172
"EOG Resources","1111 Bagby St.","Houston","Texas",77002,"1111 Bagby St., Houston, Texas",-95.3706871,29.7588117
"CenturyLink","100 CenturyLink Dr.","Monroe","Louisiana",71203,"100 CenturyLink Dr., Monroe, Louisiana",-92.0663665,32.5891027
"Altria Group","6601 W. Broad St.","Richmond","Virginia",23230,"6601 W. Broad St., Richmond, Virginia",-77.5169672,37.6004285
"Tenet Healthcare","1445 Ross Ave.","Dallas","Texas",75202,"1445 Ross Ave., Dallas, Texas",-96.8026985,32.7848396
"General Mills","1 General Mills Blvd.","Minneapolis","Minnesota",55426,"1 General Mills Blvd., Minneapolis, Minnesota",-93.3905884,44.9724973
"eBay","2065 Hamilton Ave.","San Jose","California",95125,"2065 Hamilton Ave., San Jose, California",-121.9304373,37.2957783
"ConAgra Foods","1 ConAgra Dr.","Omaha","Nebraska",68102,"1 ConAgra Dr., Omaha, Nebraska",-95.9263592,41.2554269
"Lear","21557 Telegraph Rd.","Southfield","Michigan",48033,"21557 Telegraph Rd., Southfield, Michigan",-83.2791982,42.4525614
"TRW Automotive Holdings","12001 Tech Center Dr.","Livonia","Michigan",48150,"12001 Tech Center Dr., Livonia, Michigan",-83.341911,42.3728324
"United States Steel","600 Grant St.","Pittsburgh","Pennsylvania",15219,"600 Grant St., Pittsburgh, Pennsylvania",-79.9949158,40.4410742
"Penske Automotive Group","2555 Telegraph Rd.","Bloomfield Hills","Michigan",48302,"2555 Telegraph Rd., Bloomfield Hills, Michigan",-83.2879437,42.6025664
"AES","4300 Wilson Blvd.","Arlington","Virginia",22203,"4300 Wilson Blvd., Arlington, Virginia",-77.1126498,38.879629
"Colgate-Palmolive","300 Park Ave.","New York","New York",10022,"300 Park Ave., New York, New York",-73.9746695,40.7570209
"Global Partners","800 South St.","Waltham","Massachusetts",2453,"800 South St., Waltham, Massachusetts",-71.2625029,42.3546031
"Thermo Fisher Scientific","81 Wyman St.","Waltham","Massachusetts",2451,"81 Wyman St., Waltham, Massachusetts",-71.2581874,42.3998795
"PG&E Corp.","77 Beale St.","San Francisco","California",94105,"77 Beale St., San Francisco, California",-122.3956663,37.7916858
"NextEra Energy","700 Universe Blvd.","Juno Beach","Florida",33408,"700 Universe Blvd., Juno Beach, Florida",-80.0581897,26.8595013
"American Electric Power","1 Riverside Plaza","Columbus","Ohio",43215,"1 Riverside Plaza, Columbus, Ohio",-83.0064261,39.9650383
"Baxter International","1 Baxter Pkwy.","Deerfield","Illinois",60015,"1 Baxter Pkwy., Deerfield, Illinois",-87.88075,42.1587535
"Centene","7700 Forsyth Blvd.","St. Louis","Missouri",63105,"7700 Forsyth Blvd., St. Louis, Missouri",-90.3343387,38.6496633
"Starbucks","2401 Utah Ave. S.","Seattle","Washington",98134,"2401 Utah Ave. S., Seattle, Washington",-122.3357381,47.5810087
"Gap","2 Folsom St.","San Francisco","California",94105,"2 Folsom St., San Francisco, California",-122.3910195,37.7906941
"Bank of New York Mellon Corp.","1 Wall St.","New York","New York",10286,"1 Wall St., New York, New York",-74.0085749,40.7052472
"Micron Technology","8000 S. Federal Way","Boise","Idaho",83716,"8000 S. Federal Way, Boise, Idaho",-116.1494251,43.5300934
"Jabil Circuit","10560 Dr. Martin Luther King","St. Petersburg","Florida",33716,"10560 Dr. Martin Luther King, St. Petersburg, Florida",-82.6471381,27.8864104
"PNC Financial Services Group","249 Fifth Ave.","Pittsburgh","Pennsylvania",15222,"249 Fifth Ave., Pittsburgh, Pennsylvania",-80.0004856,40.4411909
"Kinder Morgan","1001 Louisiana St.","Houston","Texas",77002,"1001 Louisiana St., Houston, Texas",-95.3673942,29.7578446
"Office Depot","6600 N. Military Trail","Boca Raton","Florida",33496,"6600 N. Military Trail, Boca Raton, Florida",-80.1208745,26.4053248
"Bristol-Myers Squibb","345 Park Ave.","New York","New York",10154,"345 Park Ave., New York, New York",-73.9722189,40.7579332
"NRG Energy","211 Carnegie Center","Princeton","New Jersey",8540,"211 Carnegie Center, Princeton, New Jersey",-74.6450753,40.3187091
"Monsanto","800 N. Lindbergh Blvd.","St. Louis","Missouri",63167,"800 N. Lindbergh Blvd., St. Louis, Missouri",-90.4005333,38.6711242
"PPG Industries","1 PPG Place","Pittsburgh","Pennsylvania",15272,"1 PPG Place, Pittsburgh, Pennsylvania",-80.0034788,40.4398819
"Genuine Parts","2999 Circle 75 Pkwy.","Atlanta","Georgia",30339,"2999 Circle 75 Pkwy., Atlanta, Georgia",-84.4699872,33.895226
"Omnicom Group","437 Madison Ave.","New York","New York",10022,"437 Madison Ave., New York, New York",-73.9752435,40.7573533
"Illinois Tool Works","3600 W. Lake Ave.","Glenview","Illinois",60026,"3600 W. Lake Ave., Glenview, Illinois",-87.8470639,42.0900791
"Murphy USA","200 Peach St.","El Dorado","Arkansas",71730,"200 Peach St., El Dorado, Arkansas",-92.6622873,33.2147208
"Land O'Lakes","4001 Lexington Ave. N.","Arden Hills","Minnesota",55126,"4001 Lexington Ave. N., Arden Hills, Minnesota",-93.1508384,45.0626683
"Western Refining","123 W. Mills Ave.","El Paso","Texas",79901,"123 W. Mills Ave., El Paso, Texas",-106.489318,31.7589164
"Western Digital","3355 Michelson Dr.","Irvine","California",92612,"3355 Michelson Dr., Irvine, California",-117.8409843,33.673017
"FirstEnergy","76 S. Main St.","Akron","Ohio",44308,"76 S. Main St., Akron, Ohio",-81.5183258,41.083384
"Aramark","1101 Market St.","Philadelphia","Pennsylvania",19107,"1101 Market St., Philadelphia, Pennsylvania",-75.1584143,39.9521671
"DISH Network","9601 S. Meridian Blvd.","Englewood","Colorado",80112,"9601 S. Meridian Blvd., Englewood, Colorado",-104.8561335,39.5457044
"Las Vegas Sands","3355 Las Vegas Blvd. S.","Las Vegas","Nevada",89109,"3355 Las Vegas Blvd. S., Las Vegas, Nevada",-115.1696526,36.121174
"Kellogg","1 Kellogg Sq.","Battle Creek","Michigan",49017,"1 Kellogg Sq., Battle Creek, Michigan",-85.1863294,42.3208694
"Loews","667 Madison Ave.","New York","New York",10065,"667 Madison Ave., New York, New York",-73.9701995,40.7644359
"CBS","51 W. 52nd St.","New York","New York",10019,"51 W. 52nd St., New York, New York",-73.9788203,40.761179
"Ecolab","370 Wabasha St. N.","St. Paul","Minnesota",55102,"370 Wabasha St. N., St. Paul, Minnesota",-93.0941778,44.9461828
"Whole Foods Market","550 Bowie St.","Austin","Texas",78703,"550 Bowie St., Austin, Texas",-97.7528921,30.2706347
"Chubb","15 Mountain View Rd.","Warren","New Jersey",7059,"15 Mountain View Rd., Warren, New Jersey",-74.5633545,40.6436459
"Health Net","21650 Oxnard St.","Woodland Hills","California",91367,"21650 Oxnard St., Woodland Hills, California",-118.6010616,34.1787318
"Waste Management","1001 Fannin St.","Houston","Texas",77002,"1001 Fannin St., Houston, Texas",-95.3639415,29.7557923
"Apache","2000 Post Oak Blvd.","Houston","Texas",77056,"2000 Post Oak Blvd., Houston, Texas",-95.4640406,29.7445565
"Textron","40 Westminster St.","Providence","Rhode Island",2903,"40 Westminster St., Providence, Rhode Island",-71.4092955,41.8249048
"Synnex","44201 Nobel Dr.","Fremont","California",94538,"44201 Nobel Dr., Fremont, California",-121.9799896,37.4970796
"Marriott International","10400 Fernwood Rd.","Bethesda","Maryland",20817,"10400 Fernwood Rd., Bethesda, Maryland",-77.1382699,39.0247171
"Viacom","1515 Broadway","New York","New York",10036,"1515 Broadway, New York, New York",-73.9861364,40.7575262
"Lincoln National","150 N. Radnor Chester Rd.","Radnor","Pennsylvania",19087,"150 N. Radnor Chester Rd., Radnor, Pennsylvania",-75.3658121,40.0430349
"Nordstrom","1617 Sixth Ave.","Seattle","Washington",98101,"1617 Sixth Ave., Seattle, Washington",-122.3364045,47.6124423
"C.H. Robinson Worldwide","14701 Charlson Rd.","Eden Prairie","Minnesota",55347,"14701 Charlson Rd., Eden Prairie, Minnesota",-93.4606427,44.8208431
"Edison International","2244 Walnut Grove Ave.","Rosemead","California",91770,"2244 Walnut Grove Ave., Rosemead, California",-118.0808098,34.0539466
"Marathon Oil","5555 San Felipe St.","Houston","Texas",77056,"5555 San Felipe St., Houston, Texas",-95.4715705,29.7493564
"Yum Brands","1441 Gardiner Lane","Louisville","Kentucky",40213,"1441 Gardiner Lane, Louisville, Kentucky",-85.695749,38.1981365
"Computer Sciences","3170 Fairview Park Dr.","Falls Church","Virginia",22042,"3170 Fairview Park Dr., Falls Church, Virginia",-77.2143783,38.8604305
"Parker-Hannifin","6035 Parkland Blvd.","Cleveland","Ohio",44124,"6035 Parkland Blvd., Cleveland, Ohio",-81.4611707,41.5065902
"DaVita HealthCare Partners","2000 16th St.","Denver","Colorado",80202,"2000 16th St., Denver, Colorado",-105.00415,39.7535072
"CarMax","12800 Tuckahoe Creek Pkwy.","Richmond","Virginia",23238,"12800 Tuckahoe Creek Pkwy., Richmond, Virginia",-77.6706303,37.6403816
"Texas Instruments","12500 TI Blvd.","Dallas","Texas",75243,"12500 TI Blvd., Dallas, Texas",-96.7526654,32.9117026
"WellCare Health Plans","8725 Henderson Rd.","Tampa","Florida",33634,"8725 Henderson Rd., Tampa, Florida",-82.5488209,28.0306431
"Marsh & McLennan","1166 Ave. of the Americas","New York","New York",10036,"1166 Ave. of the Americas, New York, New York",-73.9820448,40.7568582
"Consolidated Edison","4 Irving Place","New York","New York",10003,"4 Irving Place, New York, New York",-73.9883294,40.7341443
"Oneok","100 W. Fifth St.","Tulsa","Oklahoma",74103,"100 W. Fifth St., Tulsa, Oklahoma",-95.9916855,36.1505651
"Visa","900 Metro Center Blvd.","Foster City","California",94404,"900 Metro Center Blvd., Foster City, California",-122.2759338,37.5596647
"Jacobs Engineering Group","155 N. Lake Ave.","Pasadena","California",91101,"155 N. Lake Ave., Pasadena, California",-118.1327948,34.1484824
"CSX","500 Water St.","Jacksonville","Florida",32202,"500 Water St., Jacksonville, Florida",-81.6641069,30.3245127
"Entergy","639 Loyola Ave.","New Orleans","Louisiana",70113,"639 Loyola Ave., New Orleans, Louisiana",-90.0768302,29.9489612
"Facebook","1601 Willow Rd.","Menlo Park","California",94025,"1601 Willow Rd., Menlo Park, California",-122.1501478,37.4833834
"Dominion Resources","120 Tredegar St.","Richmond","Virginia",23219,"120 Tredegar St., Richmond, Virginia",-77.4538384,37.5336838
"Leucadia National","520 Madison Ave.","New York","New York",10022,"520 Madison Ave., New York, New York",-73.9744693,40.7601424
"Toys R"" Us""""""","1 Geoffrey Way","Wayne","New Jersey",7470,"1 Geoffrey Way, Wayne, New Jersey",-74.254132,40.9794234
"DTE Energy","1 Energy Plaza","Detroit","Michigan",48226,"1 Energy Plaza, Detroit, Michigan",-83.0576575,42.3336747
"Ameriprise Financial","1099 Ameriprise Financial Cen","Minneapolis","Minnesota",55474,"1099 Ameriprise Financial Cen, Minneapolis, Minnesota",-93.2698914,44.9726666
"VF","105 Corporate Center Blvd.","Greensboro","North Carolina",27408,"105 Corporate Center Blvd., Greensboro, North Carolina",-79.7989009,36.1221552
"Praxair","39 Old Ridgebury Rd.","Danbury","Connecticut",6810,"39 Old Ridgebury Rd., Danbury, Connecticut",-73.5310684,41.3830288
"J.C. Penney","6501 Legacy Dr.","Plano","Texas",75024,"6501 Legacy Dr., Plano, Texas",-96.8322526,33.0821304
"Automatic Data Processing","1 ADP Blvd.","Roseland","New Jersey",7068,"1 ADP Blvd., Roseland, New Jersey",-74.3101712,40.8157157
"L-3 Communications","600 Third Ave.","New York","New York",10016,"600 Third Ave., New York, New York",-73.9759092,40.7493238
"CDW","200 N. Milwaukee Ave.","Vernon Hills","Illinois",60061,"200 N. Milwaukee Ave., Vernon Hills, Illinois",-87.94359,42.2292779
"Guardian Life Ins. Co. of Ameri","7 Hanover Sq.","New York","New York",10004,"7 Hanover Sq., New York, New York",-74.009493,40.7041411
"Xcel Energy","414 Nicollet Mall","Minneapolis","Minnesota",55401,"414 Nicollet Mall, Minneapolis, Minnesota",-93.2705091,44.9795754
"Norfolk Southern","3 Commercial Place","Norfolk","Virginia",23510,"3 Commercial Place, Norfolk, Virginia",-76.28818,36.8449433
"PPL","2 N. Ninth St.","Allentown","Pennsylvania",18101,"2 N. Ninth St., Allentown, Pennsylvania",-75.4761183,40.6017169
"R.R. Donnelley & Sons","111 S. Wacker Dr.","Chicago","Illinois",60606,"111 S. Wacker Dr., Chicago, Illinois",-87.6364499,41.8802886
"Huntsman","500 Huntsman Way","Salt Lake City","Utah",84108,"500 Huntsman Way, Salt Lake City, Utah",-111.8191017,40.7593185
"Bed Bath & Beyond","650 Liberty Ave.","Union","New Jersey",7083,"650 Liberty Ave., Union, New Jersey",-74.3046712,40.6975106
"Stanley Black & Decker","1000 Stanley Dr.","New Britain","Connecticut",6053,"1000 Stanley Dr., New Britain, Connecticut",-72.8078946,41.6936214
"L Brands","3 Limited Pkwy.","Columbus","Ohio",43230,"3 Limited Pkwy., Columbus, Ohio",-82.896895,40.0543753
"Liberty Interactive","12300 Liberty Blvd.","Englewood","Colorado",80112,"12300 Liberty Blvd., Englewood, Colorado",-104.8458268,39.553764
"Farmers Insurance Exchange","4680 Wilshire Boulevard","Los Angeles","California",90010,"4680 Wilshire Boulevard, Los Angeles, California",-118.3315235,34.0615384
"First Data","5565 Glenridge Connector N.E.","Atlanta","Georgia",30342,"5565 Glenridge Connector N.E., Atlanta, Georgia",-84.3600377,33.9054525
"Sherwin-Williams","101 W. Prospect Ave.","Cleveland","Ohio",44115,"101 W. Prospect Ave., Cleveland, Ohio",-81.6924983,41.4972774
"BlackRock","55 E. 52nd St.","New York","New York",10055,"55 E. 52nd St., New York, New York",-73.9735483,40.7592391
"Voya Financial","230 Park Avenue","New York","New York",10169,"230 Park Avenue, New York, New York",-73.9761684,40.7544036
"Ross Stores","5130 Hacienda Dr.","Dublin","California",94568,"5130 Hacienda Dr., Dublin, California",-121.8900734,37.7103486
"Sempra Energy","101 Ash St.","San Diego","California",92101,"101 Ash St., San Diego, California",-117.163417,32.719315
"Estee Lauder","767 Fifth Ave.","New York","New York",10153,"767 Fifth Ave., New York, New York",-73.9726971,40.7636433
"H.J. Heinz","1 PPG Place","Pittsburgh","Pennsylvania",15222,"1 PPG Place, Pittsburgh, Pennsylvania",-80.0034788,40.4398819
"Reinsurance Group of America","1370 Timberlake Manor Pkwy.","Chesterfield","Missouri",63017,"1370 Timberlake Manor Pkwy., Chesterfield, Missouri",-90.528367,38.648273
"Public Service Enterprise Group","80 Park Plaza","Newark","New Jersey",7102,"80 Park Plaza, Newark, New Jersey",-74.1686141,40.7374794
"Cameron International","1333 W. Loop S.","Houston","Texas",77027,"1333 W. Loop S., Houston, Texas",-95.4545613,29.7549365
"Navistar International","2701 Navistar Dr.","Lisle","Illinois",60532,"2701 Navistar Dr., Lisle, Illinois",-88.1077044,41.8099995
"CST Brands","1 Valero Way","San Antonio","Texas",78249,"1 Valero Way, San Antonio, Texas",-98.6057607,29.5869858
"State Street Corp.","1 Lincoln St.","Boston","Massachusetts",2111,"1 Lincoln St., Boston, Massachusetts",-71.0583632,42.3526844
"Unum Group","1 Fountain Sq.","Chattanooga","Tennessee",37402,"1 Fountain Sq., Chattanooga, Tennessee",-85.3068744,35.0504844
"Hilton Worldwide Holdings","7930 Jones Branch Dr.","McLean","Virginia",22102,"7930 Jones Branch Dr., McLean, Virginia",-77.2151232,38.9280922
"Family Dollar Stores","10401 Monroe Rd.","Matthews","North Carolina",28105,"10401 Monroe Rd., Matthews, North Carolina",-80.7314893,35.1316103
"Principal Financial","711 High St.","Des Moines","Iowa",50392,"711 High St., Des Moines, Iowa",-93.6276157,41.5882758
"Reliance Steel & Aluminum","350 S. Grand Ave.","Los Angeles","California",90071,"350 S. Grand Ave., Los Angeles, California",-118.2799128,34.0094243
"Air Products & Chemicals","7201 Hamilton Blvd.","Allentown","Pennsylvania",18195,"7201 Hamilton Blvd., Allentown, Pennsylvania",-75.5987118,40.5525025
"Assurant","1 Chase Manhattan Plaza","New York","New York",10005,"1 Chase Manhattan Plaza, New York, New York",-74.0088936,40.7078306
"Peter Kiewit Sons'","1000 Kiewit Plaza","Omaha","Nebraska",68131,"1000 Kiewit Plaza, Omaha, Nebraska",-95.9656289,41.2574609
"Henry Schein","135 Duryea Rd.","Melville","New York",11747,"135 Duryea Rd., Melville, New York",-73.4175607,40.7677851
"Cognizant Technology Solutions","500 Frank W. Burr Blvd.","Teaneck","New Jersey",7666,"500 Frank W. Burr Blvd., Teaneck, New Jersey",-74.0060059,40.8732679
"MGM Resorts International","3600 Las Vegas Blvd. S.","Las Vegas","Nevada",89109,"3600 Las Vegas Blvd. S., Las Vegas, Nevada",-115.175947,36.1125269
"W.W. Grainger","100 Grainger Pkwy.","Lake Forest","Illinois",60045,"100 Grainger Pkwy., Lake Forest, Illinois",-87.911161,42.2363993
"Group 1 Automotive","800 Gessner Rd.","Houston","Texas",77024,"800 Gessner Rd., Houston, Texas",-95.5438873,29.7777447
"BB&T Corp.","200 W. Second St.","Winston-Salem","North Carolina",27101,"200 W. Second St., Winston-Salem, North Carolina",-80.245157,36.0956772
"Rock-Tenn","504 Thrasher St.","Norcross","Georgia",30071,"504 Thrasher St., Norcross, Georgia",-84.2196536,33.9370097
"Advance Auto Parts","5008 Airport Rd.","Roanoke","Virginia",24012,"5008 Airport Rd., Roanoke, Virginia",-79.9587893,37.3174377
"Ally Financial","200 Renaissance Center","Detroit","Michigan",48243,"200 Renaissance Center, Detroit, Michigan",-83.0392161,42.3292868
"AGCO","4205 River Green Pkwy.","Duluth","Georgia",30096,"4205 River Green Pkwy., Duluth, Georgia",-84.164369,34.0173639
"Corning","1 Riverfront Plaza","Corning","New York",14831,"1 Riverfront Plaza, Corning, New York",-77.0558167,42.1454133
"Biogen","225 Binney St.","Cambridge","Massachusetts",2142,"225 Binney St., Cambridge, Massachusetts",-71.0857637,42.3662897
"NGL Energy Partners","6120 S. Yale Ave.","Tulsa","Oklahoma",74136,"6120 S. Yale Ave., Tulsa, Oklahoma",-95.9255754,36.0722588
"Stryker","2825 Airview Blvd.","Kalamazoo","Michigan",49002,"2825 Airview Blvd., Kalamazoo, Michigan",-85.5553397,42.2428207
"Molina Healthcare","200 Oceangate","Long Beach","California",90802,"200 Oceangate, Long Beach, California",-118.2006675,33.7665116
"Precision Castparts","4650 S.W. Macadam Ave.","Portland","Oregon",97239,"4650 S.W. Macadam Ave., Portland, Oregon",-122.6729013,45.4891943
"Discover Financial Services","2500 Lake Cook Rd.","Riverwoods","Illinois",60015,"2500 Lake Cook Rd., Riverwoods, Illinois",-87.888717,42.1557684
"Genworth Financial","6620 W. Broad St.","Richmond","Virginia",23230,"6620 W. Broad St., Richmond, Virginia",-77.5133905,37.6029091
"Eastman Chemical","200 S. Wilcox Dr.","Kingsport","Tennessee",37660,"200 S. Wilcox Dr., Kingsport, Tennessee",-82.5508778,36.5354128
"Dean Foods","2711 N. Haskell Ave.","Dallas","Texas",75204,"2711 N. Haskell Ave., Dallas, Texas",-96.7917968,32.8065135
"AutoZone","123 S. Front St.","Memphis","Tennessee",38103,"123 S. Front St., Memphis, Tennessee",-90.0561333,35.1420009
"MasterCard","2000 Purchase St.","Purchase","New York",10577,"2000 Purchase St., Purchase, New York",-73.7148698,41.0228776
"Owens & Minor","9120 Lockwood Blvd.","Mechanicsville","Virginia",23116,"9120 Lockwood Blvd., Mechanicsville, Virginia",-77.4086668,37.6444916
"Hormel Foods","1 Hormel Place","Austin","Minnesota",55912,"1 Hormel Place, Austin, Minnesota",-92.9684034,43.6824203
"GameStop","625 Westport Pkwy.","Grapevine","Texas",76051,"625 Westport Pkwy., Grapevine, Texas",-97.0871601,32.9031308
"Autoliv","1320 Pacific Dr.","Auburn Hills","Michigan",48326,"1320 Pacific Dr., Auburn Hills, Michigan",-83.2743492,42.6942559
"CenterPoint Energy","1111 Louisiana St.","Houston","Texas",77002,"1111 Louisiana St., Houston, Texas",-95.3679888,29.7571169
"Fidelity National Financial","601 Riverside Ave.","Jacksonville","Florida",32204,"601 Riverside Ave., Jacksonville, Florida",-81.6762696,30.3184009
"Sonic Automotive","4401 Colwick Rd.","Charlotte","North Carolina",28211,"4401 Colwick Rd., Charlotte, North Carolina",-80.7969848,35.1767046
"HD Supply Holdings","3100 Cumberland Blvd.","Atlanta","Georgia",30339,"3100 Cumberland Blvd., Atlanta, Georgia",-84.4659124,33.8770518
"Charter Communications","400 Atlantic St.","Stamford","Connecticut",6901,"400 Atlantic St., Stamford, Connecticut",-73.5388563,41.0504634
"Crown Holdings","1 Crown Way","Philadelphia","Pennsylvania",19154,"1 Crown Way, Philadelphia, Pennsylvania",-74.9916503,40.1093768
"Applied Materials","3050 Bowers Ave.","Santa Clara","California",95054,"3050 Bowers Ave., Santa Clara, California",-121.9787818,37.3776247
"Mosaic","3033 Campus Dr.","Plymouth","Minnesota",55441,"3033 Campus Dr., Plymouth, Minnesota",-93.4546338,45.0154081
"CBRE Group","400 S. Hope St.","Los Angeles","California",90071,"400 S. Hope St., Los Angeles, California",-118.2536324,34.0516069
"Avon Products","777 Third Ave.","New York","New York",10017,"777 Third Ave., New York, New York",-73.9711154,40.7546905
"Republic Services","18500 N. Allied Way","Phoenix","Arizona",85054,"18500 N. Allied Way, Phoenix, Arizona",-111.9301716,33.654396
"Universal Health Services","367 S. Gulph Rd.","King of Prussia","Pennsylvania",19406,"367 S. Gulph Rd., King of Prussia, Pennsylvania",-75.3706394,40.0785558
"Darden Restaurants","1000 Darden Center Dr.","Orlando","Florida",32837,"1000 Darden Center Dr., Orlando, Florida",-81.4250584,28.418282
"Steel Dynamics","7575 W. Jefferson Blvd.","Fort Wayne","Indiana",46804,"7575 W. Jefferson Blvd., Fort Wayne, Indiana",-85.2374609,41.0405511
"SunTrust Banks","303 Peachtree St. N.E.","Atlanta","Georgia",30308,"303 Peachtree St. N.E., Atlanta, Georgia",-84.3859052,33.7627336
"Caesars Entertainment","1 Caesars Palace Dr.","Las Vegas","Nevada",89109,"1 Caesars Palace Dr., Las Vegas, Nevada",-115.1752403,36.1165658
"Targa Resources","1000 Louisiana St.","Houston","Texas",77002,"1000 Louisiana St., Houston, Texas",-95.3683567,29.7585002
"Dollar Tree","500 Volvo Pkwy.","Chesapeake","Virginia",23320,"500 Volvo Pkwy., Chesapeake, Virginia",-76.2426183,36.7681471
"News Corp.","1211 Avenue of the Americas","New York","New York",10036,"1211 Avenue of the Americas, New York, New York",-73.9820295,40.7584439
"Ball","10 Longs Peak Dr.","Broomfield","Colorado",80021,"10 Longs Peak Dr., Broomfield, Colorado",-105.0997669,39.9118664
"Thrivent Financial for Lutheran","625 Fourth Ave. S.","Minneapolis","Minnesota",55415,"625 Fourth Ave. S., Minneapolis, Minnesota",-93.2701295,44.932367
"Masco","21001 Van Born Rd.","Taylor","Michigan",48180,"21001 Van Born Rd., Taylor, Michigan",-83.242332,42.2675066
"Franklin Resources","1 Franklin Pkwy.","San Mateo","California",94403,"1 Franklin Pkwy., San Mateo, California",-122.2935447,37.5422487
"Avis Budget Group","6 Sylvan Way","Parsippany","New Jersey",7054,"6 Sylvan Way, Parsippany, New Jersey",-74.4506392,40.8486504
"Reynolds American","401 N. Main St.","Winston-Salem","North Carolina",27101,"401 N. Main St., Winston-Salem, North Carolina",-80.2437652,36.0994589
"Becton Dickinson","1 Becton Dr.","Franklin Lakes","New Jersey",7417,"1 Becton Dr., Franklin Lakes, New Jersey",-74.2106872,41.017009
"Priceline Group","800 Connecticut Ave.","Norwalk","Connecticut",6854,"800 Connecticut Ave., Norwalk, Connecticut",-73.4539645,41.0930242
"Broadcom","5300 California Ave.","Irvine","California",92617,"5300 California Ave., Irvine, California",-117.848235,33.6364483
"Tenneco","500 N. Field Dr.","Lake Forest","Illinois",60045,"500 N. Field Dr., Lake Forest, Illinois",-87.8993047,42.2486596
"Campbell Soup","1 Campbell Place","Camden","New Jersey",8103,"1 Campbell Place, Camden, New Jersey",-75.1079245,39.9394842
"AECOM","555 S. Flower St.","Los Angeles","California",90071,"555 S. Flower St., Los Angeles, California",-118.2575159,34.0507737
"Visteon","1 Village Center Dr.","Van Buren Township","Michigan",48111,"1 Village Center Dr., Van Buren Township, Michigan",-83.440529,42.2368379
"Delek US Holdings","7102 Commerce Way","Brentwood","Tennessee",37027,"7102 Commerce Way, Brentwood, Tennessee",-86.8096138,35.9708643
"Dover","3005 Highland Pkwy.","Downers Grove","Illinois",60515,"3005 Highland Pkwy., Downers Grove, Illinois",-88.0076416,41.8333116
"BorgWarner","3850 Hamlin Rd.","Auburn Hills","Michigan",48326,"3850 Hamlin Rd., Auburn Hills, Michigan",-83.2108611,42.6458403
"Jarden","1800 N. Military Trail","Boca Raton","Florida",33431,"1800 N. Military Trail, Boca Raton, Florida",-80.121398,26.3621002
"UGI","460 N. Gulph Rd.","King of Prussia","Pennsylvania",19406,"460 N. Gulph Rd., King of Prussia, Pennsylvania",-75.4070669,40.0885655
"Murphy Oil","200 Peach St.","El Dorado","Arkansas",71730,"200 Peach St., El Dorado, Arkansas",-92.6622873,33.2147208
"PVH","200 Madison Ave.","New York","New York",10016,"200 Madison Ave., New York, New York",-73.9825933,40.749138
"Core-Mark Holding","395 Oyster Point Blvd.","South San Francisc","California",94080,"395 Oyster Point Blvd., South San Francisc, California",-122.3830972,37.6676844
"Calpine","717 Texas Ave.","Houston","Texas",77002,"717 Texas Ave., Houston, Texas",-95.3642277,29.7616891
"D.R. Horton","301 Commerce St.","Fort Worth","Texas",76102,"301 Commerce St., Fort Worth, Texas",-97.3304799,32.7560187
"Weyerhaeuser","33663 Weyerhaeuser Way S.","Federal Way","Washington",98003,"33663 Weyerhaeuser Way S., Federal Way, Washington",-122.2991023,47.2968716
"KKR","9 W. 57th St.","New York","New York",10019,"9 W. 57th St., New York, New York",-73.975023,40.7637696
"FMC Technologies","5875 N. Sam Houston Pkwy. W.","Houston","Texas",77086,"5875 N. Sam Houston Pkwy. W., Houston, Texas",-95.5127716,29.9359048
"American Family Insurance Group","6000 American Pkwy.","Madison","Wisconsin",53783,"6000 American Pkwy., Madison, Wisconsin",-89.2899185,43.1581398
"SpartanNash","850 76th St. S.W.","Grand Rapids","Michigan",49518,"850 76th St. S.W., Grand Rapids, Michigan",-85.6858616,42.8229148
"WESCO International","225 W. Station Square Dr.","Pittsburgh","Pennsylvania",15219,"225 W. Station Square Dr., Pittsburgh, Pennsylvania",-80.005785,40.434008
"Quanta Services","2800 Post Oak Blvd.","Houston","Texas",77056,"2800 Post Oak Blvd., Houston, Texas",-95.4622183,29.7370769
"Mohawk Industries","160 S. Industrial Blvd.","Calhoun","Georgia",30701,"160 S. Industrial Blvd., Calhoun, Georgia",-84.9434654,34.4724813
"Motorola Solutions","1303 E. Algonquin Rd.","Schaumburg","Illinois",60196,"1303 E. Algonquin Rd., Schaumburg, Illinois",-88.0514374,42.0624688
"Lennar","700 N.W. 107th Ave.","Miami","Florida",33172,"700 N.W. 107th Ave., Miami, Florida",-80.3704398,25.7769483
"TravelCenters of America","24601 Center Ridge Rd.","Westlake","Ohio",44145,"24601 Center Ridge Rd., Westlake, Ohio",-81.8944721,41.4566903
"Sealed Air","200 Riverfront Blvd.","Elmwood Park","New Jersey",7407,"200 Riverfront Blvd., Elmwood Park, New Jersey",-74.1278522,40.8972105
"Eversource Energy","1 Federal St.","Springfield","Massachusetts",1105,"1 Federal St., Springfield, Massachusetts",-72.576699,42.1108392
"Coca-Cola Enterprises","2500 Windy Ridge Pkwy.","Atlanta","Georgia",30339,"2500 Windy Ridge Pkwy., Atlanta, Georgia",-84.4565637,33.9049622
"Celgene","86 Morris Ave.","Summit","New Jersey",7901,"86 Morris Ave., Summit, New Jersey",-74.3452692,40.7090186
"Williams","1 Williams Center","Tulsa","Oklahoma",74172,"1 Williams Center, Tulsa, Oklahoma",-95.9905266,36.1549519
"Ashland","50 E. RiverCenter Blvd.","Covington","Kentucky",41011,"50 E. RiverCenter Blvd., Covington, Kentucky",-84.5104714,39.0901327
"Interpublic Group","1114 Ave. of the Americas","New York","New York",10036,"1114 Ave. of the Americas, New York, New York",-73.9828494,40.7546664
"Blackstone Group","345 Park Ave.","New York","New York",10154,"345 Park Ave., New York, New York",-73.9722189,40.7579332
"Ralph Lauren","650 Madison Ave.","New York","New York",10022,"650 Madison Ave., New York, New York",-73.9713457,40.7639879
"Quest Diagnostics","3 Giralda Farms","Madison","New Jersey",7940,"3 Giralda Farms, Madison, New Jersey",-74.4331683,40.7645132
"Hershey","100 Crystal A Dr.","Hershey","Pennsylvania",17033,"100 Crystal A Dr., Hershey, Pennsylvania",-76.648536,40.3010198
"Terex","200 Nyala Farm Rd.","Westport","Connecticut",6880,"200 Nyala Farm Rd., Westport, Connecticut",-73.3273007,41.1228346
"Boston Scientific","1 Boston Scientific Place","Natick","Massachusetts",1760,"1 Boston Scientific Place, Natick, Massachusetts",-71.3763884,42.3021253
"Newmont Mining","6363 S. Fiddler's Green Circl","Greenwood Village","Colorado",80111,"6363 S. Fiddler's Green Circl, Greenwood Village, Colorado",-104.8923492,39.6006238
"Allergan","2525 Dupont Dr.","Irvine","California",92612,"2525 Dupont Dr., Irvine, California",-117.8539951,33.6716922
"O'Reilly Automotive","233 S. Patterson Ave.","Springfield","Missouri",65802,"233 S. Patterson Ave., Springfield, Missouri",-93.2492485,37.2076592
"Casey's General Stores","1 Convenience Blvd.","Ankeny","Iowa",50021,"1 Convenience Blvd., Ankeny, Iowa",-93.57317,41.693711
"CMS Energy","1 Energy Plaza","Jackson","Michigan",49201,"1 Energy Plaza, Jackson, Michigan",-84.4022463,42.2466617
"Foot Locker","112 W. 34th St.","New York","New York",10120,"112 W. 34th St., New York, New York",-73.9887048,40.7498313
"W.R. Berkley","475 Steamboat Rd.","Greenwich","Connecticut",6830,"475 Steamboat Rd., Greenwich, Connecticut",-73.6222537,41.0187265
"PetSmart","19601 N. 27th Ave.","Phoenix","Arizona",85027,"19601 N. 27th Ave., Phoenix, Arizona",-112.1151704,33.6632593
"Pacific Life","1111 Louisiana St.","Houston","Texas",77002,"1111 Louisiana St., Houston, Texas",-95.3679888,29.7571169
"Commercial Metals","6565 N. MacArthur Blvd.","Irving","Texas",75039,"6565 N. MacArthur Blvd., Irving, Texas",-96.9599098,32.8982848
"Agilent Technologies","5301 Stevens Creek Blvd.","Santa Clara","California",95051,"5301 Stevens Creek Blvd., Santa Clara, California",-121.9989378,37.3248865
"Huntington Ingalls Industries","4101 Washington Ave.","Newport News","Virginia",23607,"4101 Washington Ave., Newport News, Virginia",-76.4371019,36.9880862
"Mutual of Omaha Insurance","Mutual of Omaha Plaza","Omaha","Nebraska",68175,"Mutual of Omaha Plaza, Omaha, Nebraska",-96.099056,41.279036
"Live Nation Entertainment","9348 Civic Center Dr.","Beverly Hills","California",90210,"9348 Civic Center Dr., Beverly Hills, California",-118.3985559,34.0742157
"Dick's Sporting Goods","345 Court St.","Coraopolis","Pennsylvania",15108,"345 Court St., Coraopolis, Pennsylvania",-80.2655499,40.5075915
"Oshkosh","2307 Oregon St.","Oshkosh","Wisconsin",54902,"2307 Oregon St., Oshkosh, Wisconsin",-88.5441454,43.992517
"Celanese","222 W. Las Colinas Blvd.","Irving","Texas",75039,"222 W. Las Colinas Blvd., Irving, Texas",-96.9434437,32.8711019
"Spirit AeroSystems Holdings","3801 S. Oliver St.","Wichita","Kansas",67210,"3801 S. Oliver St., Wichita, Kansas",-97.2792309,37.4987089
"United Natural Foods","313 Iron Horse Way","Providence","Rhode Island",2908,"313 Iron Horse Way, Providence, Rhode Island",-71.4318448,41.828686
"Peabody Energy","701 Market St.","St. Louis","Missouri",63101,"701 Market St., St. Louis, Missouri",-90.1926536,38.6266409
"Owens-Illinois","1 Michael Owens Way","Perrysburg","Ohio",43551,"1 Michael Owens Way, Perrysburg, Ohio",-83.6477273,41.5285835
"Dillard's","1600 Cantrell Rd.","Little Rock","Arkansas",72201,"1600 Cantrell Rd., Little Rock, Arkansas",-92.2875105,34.7545821
"Level 3 Communications","1025 Eldorado Blvd.","Broomfield","Colorado",80021,"1025 Eldorado Blvd., Broomfield, Colorado",-105.1443744,39.9209158
"Pantry","305 Gregson Dr.","Cary","North Carolina",27511,"305 Gregson Dr., Cary, North Carolina",-78.8047253,35.7321366
"LKQ","500 W. Madison St.","Chicago","Illinois",60661,"500 W. Madison St., Chicago, Illinois",-87.6403882,41.8823062
"Integrys Energy Group","130 E. Randolph St.","Chicago","Illinois",60601,"130 E. Randolph St., Chicago, Illinois",-87.6230524,41.8849569
"Symantec","350 Ellis St.","Mountain View","California",94043,"350 Ellis St., Mountain View, California",-122.0532039,37.397629
"Buckeye Partners","1 Greenway Plaza","Houston","Texas",77046,"1 Greenway Plaza, Houston, Texas",-95.4394331,29.7318769
"Ryder System","11690 N.W. 105th St.","Miami","Florida",33178,"11690 N.W. 105th St., Miami, Florida",-80.385295,25.8695423
"SanDisk","951 SanDisk Dr.","Milpitas","California",95035,"951 SanDisk Dr., Milpitas, California",-121.9221553,37.4188883
"Rockwell Automation","1201 S. Second St.","Milwaukee","Wisconsin",53204,"1201 S. Second St., Milwaukee, Wisconsin",-87.9126025,43.0188476
"Dana Holding","3939 Technology Dr.","Maumee","Ohio",43537,"3939 Technology Dr., Maumee, Ohio",-83.6935076,41.5675688
"Lansing Trade Group","10975 Benson Drive, Suite 400","Overland","Kansas",66210,"10975 Benson Drive, Suite 400, Overland, Kansas",-94.6875255,38.9303144
"NCR","3097 Satellite Blvd.","Duluth","Georgia",30096,"3097 Satellite Blvd., Duluth, Georgia",-84.1151453,33.9633904
"Expeditors International of Was","1015 Third Ave.","Seattle","Washington",98104,"1015 Third Ave., Seattle, Washington",-122.334683,47.605838
"Omnicare","201 E. Fourth St.","Cincinnati","Ohio",45202,"201 E. Fourth St., Cincinnati, Ohio",-84.508908,39.1002093
"AK Steel Holding","9227 Centre Pointe Dr.","West Chester","Ohio",45069,"9227 Centre Pointe Dr., West Chester, Ohio",-84.4282026,39.3274007
"Fifth Third Bancorp","38 Fountain Square Plaza","Cincinnati","Ohio",45263,"38 Fountain Square Plaza, Cincinnati, Ohio",-84.5121293,39.1021733
"Seaboard","9000 W. 67th St.","Shawnee Mission","Kansas",66202,"9000 W. 67th St., Shawnee Mission, Kansas",-94.6908213,39.0081864
"NiSource","801 E. 86th Ave.","Merrillville","Indiana",46410,"801 E. 86th Ave., Merrillville, Indiana",-87.3254497,41.4614637
"Cablevision Systems","1111 Stewart Ave.","Bethpage","New York",11714,"1111 Stewart Ave., Bethpage, New York",-73.4948041,40.7613355
"Anixter International","2301 Patriot Blvd.","Glenview","Illinois",60026,"2301 Patriot Blvd., Glenview, Illinois",-87.8234276,42.0974005
"EMCOR Group","301 Merritt Seven","Norwalk","Connecticut",6851,"301 Merritt Seven, Norwalk, Connecticut",-73.426899,41.1494149
"Fidelity National Information S","601 Riverside Ave.","Jacksonville","Florida",32204,"601 Riverside Ave., Jacksonville, Florida",-81.6762696,30.3184009
"Barnes & Noble","122 Fifth Ave.","New York","New York",10011,"122 Fifth Ave., New York, New York",-73.9923705,40.7382681
"KBR","601 Jefferson St.","Houston","Texas",77002,"601 Jefferson St., Houston, Texas",-95.3723074,29.7532925
"Auto-Owners Insurance","6101 Anacapri Blvd.","Lansing","Michigan",48917,"6101 Anacapri Blvd., Lansing, Michigan",-84.6382659,42.7219402
"Jones Financial","12555 Manchester Rd.","Des Peres","Missouri",63131,"12555 Manchester Rd., Des Peres, Missouri",-90.4462161,38.6044178
"Avery Dennison","207 Goode Ave.","Glendale","California",91203,"207 Goode Ave., Glendale, California",-118.2563626,34.1570641
"NetApp","495 E. Java Dr.","Sunnyvale","California",94089,"495 E. Java Dr., Sunnyvale, California",-122.0119961,37.41127
"iHeartMedia","200 E. Basse Rd.","San Antonio","Texas",78209,"200 E. Basse Rd., San Antonio, Texas",-98.4791877,29.4925357
"Discovery Communications","1 Discovery Place","Silver Spring","Maryland",20910,"1 Discovery Place, Silver Spring, Maryland",-77.0282898,38.9954716
"Harley-Davidson","3700 W. Juneau Ave.","Milwaukee","Wisconsin",53208,"3700 W. Juneau Ave., Milwaukee, Wisconsin",-87.9603032,43.0460547
"Sanmina","2700 N. First St.","San Jose","California",95134,"2700 N. First St., San Jose, California",-121.9295747,37.390052
"Trinity Industries","2525 N. Stemmons Freeway","Dallas","Texas",75207,"2525 N. Stemmons Freeway, Dallas, Texas",-96.8399373,32.8054753
"J.B. Hunt Transport Services","615 J.B. Hunt Corporate Dr.","Lowell","Arkansas",72745,"615 J.B. Hunt Corporate Dr., Lowell, Arkansas",-94.1494438,36.2447313
"Charles Schwab","211 Main St.","San Francisco","California",94105,"211 Main St., San Francisco, California",-122.3927897,37.7905969
"Erie Insurance Group","100 Erie Insurance Place","Erie","Pennsylvania",16530,"100 Erie Insurance Place, Erie, Pennsylvania",-80.0838159,42.130275
"Dr Pepper Snapple Group","5301 Legacy Dr.","Plano","Texas",75024,"5301 Legacy Dr., Plano, Texas",-96.8047905,33.0780321
"Ameren","1901 Chouteau Ave.","St. Louis","Missouri",63103,"1901 Chouteau Ave., St. Louis, Missouri",-90.2093732,38.6224792
"Mattel","333 Continental Blvd.","El Segundo","California",90245,"333 Continental Blvd., El Segundo, California",-118.3917093,33.9204429
"Laboratory Corp. of America","358 S. Main St.","Burlington","North Carolina",27215,"358 S. Main St., Burlington, North Carolina",-79.4373797,36.0931722
"TEGNA","7950 Jones Branch Dr.","McLean","Virginia",22107,"7950 Jones Branch Dr., McLean, Virginia",-77.2190493,38.932099
"Starwood Hotels & Resorts","1 StarPoint","Stamford","Connecticut",6902,"1 StarPoint, Stamford, Connecticut",-73.531326,41.0419498
"General Cable","4 Tesseneer Dr.","Highland Heights","Kentucky",41076,"4 Tesseneer Dr., Highland Heights, Kentucky",-84.4620583,39.0434832
"A-Mark Precious Metals","429 Santa Monica Boulevard, S","Santa Monica","California",90401,"429 Santa Monica Boulevard, S, Santa Monica, California",-118.4947614,34.0172
"Graybar Electric","34 N. Meramec Ave.","St. Louis","Missouri",63105,"34 N. Meramec Ave., St. Louis, Missouri",-90.3390263,38.6514298
"Energy Future Holdings","1601 Bryan St.","Dallas","Texas",75201,"1601 Bryan St., Dallas, Texas",-96.7991001,32.7831921
"HRG Group","450 Park Ave.","New York","New York",10022,"450 Park Ave., New York, New York",-73.9713699,40.7614961
"MRC Global","909 Fannin St.","Houston","Texas",77010,"909 Fannin St., Houston, Texas",-95.3632875,29.75636
"Spectra Energy","5400 Westheimer Court","Houston","Texas",77056,"5400 Westheimer Court, Houston, Texas",-95.4731118,29.7403262
"Asbury Automotive Group","2905 Premiere Pkwy. N.W.","Duluth","Georgia",30097,"2905 Premiere Pkwy. N.W., Duluth, Georgia",-84.093353,34.0051292
"Packaging Corp. of America","1955 W. Field Court","Lake Forest","Illinois",60045,"1955 W. Field Court, Lake Forest, Illinois",-87.8944751,42.243103
"Windstream Holdings","4001 Rodney Parham Rd.","Little Rock","Arkansas",72212,"4001 Rodney Parham Rd., Little Rock, Arkansas",-92.3967913,34.7871675
"PulteGroup","100 Bloomfield Hills Pkwy.","Bloomfield Hills","Michigan",48304,"100 Bloomfield Hills Pkwy., Bloomfield Hills, Michigan",-83.2353771,42.5833832
"JetBlue Airways","27-01 Queens Plaza N.","Long Island City","New York",11101,"27-01 Queens Plaza N., Long Island City, New York",-73.9387435,40.7508189
"Newell Rubbermaid","3 Glenlake Pkwy.","Atlanta","Georgia",30328,"3 Glenlake Pkwy., Atlanta, Georgia",-84.3599966,33.9355491
"Con-way","2211 Old Earhart Rd.","Ann Arbor","Michigan",48105,"2211 Old Earhart Rd., Ann Arbor, Michigan",-83.6841966,42.3056623
"Calumet Specialty Products Part","2780 Waterfront Pkwy. E. Dr.","Indianapolis","Indiana",46214,"2780 Waterfront Pkwy. E. Dr., Indianapolis, Indiana",-86.2786237,39.8055757
"Expedia","333 108th Ave. N.E.","Bellevue","Washington",98004,"333 108th Ave. N.E., Bellevue, Washington",-122.1970996,47.6133892
"American Financial Group","301 E. Fourth St.","Cincinnati","Ohio",45202,"301 E. Fourth St., Cincinnati, Ohio",-84.5075246,39.1005464
"Tractor Supply","200 Powell Place","Brentwood","Tennessee",37027,"200 Powell Place, Brentwood, Tennessee",-86.8114759,36.0357205
"United Rentals","100 First Stamford Place","Stamford","Connecticut",6902,"100 First Stamford Place, Stamford, Connecticut",-73.5486083,41.0443102
"Ingredion","5 Westbrook Corporate Center","Westchester","Illinois",60154,"5 Westbrook Corporate Center, Westchester, Illinois",-87.9052856,41.8453955
"Navient","123 Justison Street","Wilmington","Delaware",19801,"123 Justison Street, Wilmington, Delaware",-75.5590563,39.7384665
"MeadWestvaco","501 S. Fifth St.","Richmond","Virginia",23219,"501 S. Fifth St., Richmond, Virginia",-77.4416911,37.5362715
"AGL Resources","10 Peachtree Place N.E.","Atlanta","Georgia",30309,"10 Peachtree Place N.E., Atlanta, Georgia",-84.387112,33.7809085
"St. Jude Medical","1 St. Jude Medical Dr.","St. Paul","Minnesota",55117,"1 St. Jude Medical Dr., St. Paul, Minnesota",-93.1009793,45.0123309
"J.M. Smucker","1 Strawberry Lane","Orrville","Ohio",44667,"1 Strawberry Lane, Orrville, Ohio",-81.762547,40.8475149
"Western Union","12500 E.Belford Ave.","Englewood","Colorado",80112,"12500 E.Belford Ave., Englewood, Colorado",-104.8444587,39.5461177
"Clorox","1221 Broadway","Oakland","California",94612,"1221 Broadway, Oakland, California",-122.272345,37.8034631
"Domtar","100 Kingsley Park Dr.","Fort Mill","South Carolina",29715,"100 Kingsley Park Dr., Fort Mill, South Carolina",-80.9643978,35.0243253
"Kelly Services","999 W. Big Beaver Rd.","Troy","Michigan",48084,"999 W. Big Beaver Rd., Troy, Michigan",-83.1664913,42.5607669
"Old Republic International","307 N. Michigan Ave.","Chicago","Illinois",60601,"307 N. Michigan Ave., Chicago, Illinois",-87.6242091,41.8870731
"Advanced Micro Devices","1 AMD Place","Sunnyvale","California",94085,"1 AMD Place, Sunnyvale, California",-121.9992043,37.3863091
"Netflix","100 Winchester Circle","Los Gatos","California",95032,"100 Winchester Circle, Los Gatos, California",-121.9627527,37.259575
"Booz Allen Hamilton Holding","8283 Greensboro Dr.","McLean","Virginia",22102,"8283 Greensboro Dr., McLean, Virginia",-77.2323425,38.9223346
"Quintiles Transnational Holding","4820 Emperor Blvd.","Durham","North Carolina",27703,"4820 Emperor Blvd., Durham, North Carolina",-78.8406392,35.8808423
"Wynn Resorts","3131 Las Vegas Blvd. S.","Las Vegas","Nevada",89109,"3131 Las Vegas Blvd. S., Las Vegas, Nevada",-115.1648303,36.1271069
"Jones Lang LaSalle","200 E. Randolph Dr.","Chicago","Illinois",60601,"200 E. Randolph Dr., Chicago, Illinois",-87.6214992,41.8850194
"Regions Financial","1900 Fifth Ave. N.","Birmingham","Alabama",35203,"1900 Fifth Ave. N., Birmingham, Alabama",-86.8089142,33.5180597
"CH2M Hill","9191 S. Jamaica St.","Englewood","Colorado",80112,"9191 S. Jamaica St., Englewood, Colorado",-104.867689,39.5489314
"Western & Southern Financial Gr","400 Broadway","Cincinnati","Ohio",45202,"400 Broadway, Cincinnati, Ohio",-84.5058735,39.1018298
"Lithia Motors","150 N. Bartlett St.","Medford","Oregon",97501,"150 N. Bartlett St., Medford, Oregon",-122.8720949,42.3286582
"salesforce.com","1 Market St.","San Francisco","California",94105,"1 Market St., San Francisco, California",-122.3946979,37.7932183
"Alaska Air Group","19300 International Blvd.","Seattle","Washington",98188,"19300 International Blvd., Seattle, Washington",-122.2931934,47.4292312
"Host Hotels & Resorts","6903 Rockledge Dr.","Bethesda","Maryland",20817,"6903 Rockledge Dr., Bethesda, Maryland",-77.1403372,39.0277524
"Harman International Industries","400 Atlantic St.","Stamford","Connecticut",6901,"400 Atlantic St., Stamford, Connecticut",-73.5388563,41.0504634
"Amphenol","358 Hall Ave.","Wallingford","Connecticut",6492,"358 Hall Ave., Wallingford, Connecticut",-72.8330564,41.4607747
"Realogy Holdings","175 Park Ave.","Madison","New Jersey",7940,"175 Park Ave., Madison, New Jersey",-74.4227927,40.7714516
"Essendant","1 Parkway N. Blvd.","Deerfield","Illinois",60015,"1 Parkway N. Blvd., Deerfield, Illinois",-87.8766717,42.1637723
"Hanesbrands","1000 E. Hanes Mill Rd.","Winston-Salem","North Carolina",27105,"1000 E. Hanes Mill Rd., Winston-Salem, North Carolina",-80.2641032,36.1888431
"Kindred Healthcare","680 S. Fourth St.","Louisville","Kentucky",40202,"680 S. Fourth St., Louisville, Kentucky",-85.7596953,38.2470285
"ARRIS Group","3871 Lakefield Dr.","Suwanee","Georgia",30024,"3871 Lakefield Dr., Suwanee, Georgia",-84.1549726,34.0646195
"Insight Enterprises","6820 S. Harl Ave.","Tempe","Arizona",85283,"6820 S. Harl Ave., Tempe, Arizona",-111.9681002,33.358338
"Alliance Data Systems","7500 Dallas Pkwy.","Plano","Texas",75024,"7500 Dallas Pkwy., Plano, Texas",-96.8236276,33.0809403
"LifePoint Health","330 Seven Springs Way","Brentwood","Tennessee",37027,"330 Seven Springs Way, Brentwood, Tennessee",-86.7692102,36.0416398
"Pioneer Natural Resources","5205 N. O'Connor Blvd.","Irving","Texas",75039,"5205 N. O'Connor Blvd., Irving, Texas",-96.9395894,32.8703634
"Wyndham Worldwide","22 Sylvan Way","Parsippany","New Jersey",7054,"22 Sylvan Way, Parsippany, New Jersey",-74.4387317,40.84593
"Owens Corning","1 Owens Corning Pkwy.","Toledo","Ohio",43659,"1 Owens Corning Pkwy., Toledo, Ohio",-83.5355929,41.646183
"Alleghany","7 Times Sq.","New York","New York",10036,"7 Times Sq., New York, New York",-73.9869088,40.755465
"McGraw Hill Financial","1221 Ave. of the Americas","New York","New York",10020,"1221 Ave. of the Americas, New York, New York",-73.9822451,40.7594995
